Model,Train R²,Test R²,Test MSE,Test MAE,Overfitting
Decision Tree,0.9988544910396098,0.9966739540834777,74.25397508636138,4.374729437229435,0.002180536956132073
Bagging,0.9993152733632064,0.998534495553368,32.7173867710596,2.7194820668285478,0.0007807778098383178
AdaBoost,0.9879838471435028,0.9904164239599319,213.9533350945196,11.929756992430802,-0.002432576816429055
Random Forest,0.9992987507142778,0.9984663738310634,34.23820422151059,2.3161004977934407,0.0008323768832143585
Neural Network,-0.7657633047745596,-0.4765359385033938,32963.66482708827,157.85861313517708,-0.28922736627116574
